fecha,sku,unidades
2026-09-01,FUN-IP15-SIL,7
2026-09-02,FUN-IP15-SIL,6
2026-09-03,FUN-IP15-SIL,4
2026-09-04,FUN-IP15-SIL,10
2026-09-05,FUN-IP15-SIL,6
2026-09-06,FUN-IP15-SIL,5
2026-09-07,FUN-IP15-SIL,6
2026-09-08,FUN-IP15-SIL,8
2026-09-09,FUN-IP15-SIL,7
2026-09-10,FUN-IP15-SIL,1
2026-09-11,FUN-IP15-SIL,3
2026-09-12,FUN-IP15-SIL,9
2026-09-13,FUN-IP15-SIL,0
2026-09-14,FUN-IP15-SIL,2
2026-09-15,FUN-IP15-SIL,4
2026-09-16,FUN-IP15-SIL,3
2026-09-17,FUN-IP15-SIL,5
2026-09-18,FUN-IP15-SIL,3
2026-09-19,FUN-IP15-SIL,2
2026-09-20,FUN-IP15-SIL,5
2026-09-21,FUN-IP15-SIL,0
2026-09-22,FUN-IP15-SIL,4
2026-09-23,FUN-IP15-SIL,4
2026-09-24,FUN-IP15-SIL,0
2026-09-25,FUN-IP15-SIL,2
2026-09-26,FUN-IP15-SIL,1
2026-09-27,FUN-IP15-SIL,5
2026-09-28,FUN-IP15-SIL,0
2026-09-01,CAR-GAN-65,3
2026-09-02,CAR-GAN-65,2
2026-09-03,CAR-GAN-65,0
2026-09-04,CAR-GAN-65,2
2026-09-05,CAR-GAN-65,5
2026-09-06,CAR-GAN-65,5
2026-09-07,CAR-GAN-65,5
2026-09-08,CAR-GAN-65,2
2026-09-09,CAR-GAN-65,2
2026-09-10,CAR-GAN-65,7
2026-09-11,CAR-GAN-65,4
2026-09-12,CAR-GAN-65,6
2026-09-13,CAR-GAN-65,5
2026-09-14,CAR-GAN-65,2
2026-09-15,CAR-GAN-65,3
2026-09-16,CAR-GAN-65,6
2026-09-17,CAR-GAN-65,4
2026-09-18,CAR-GAN-65,6
2026-09-19,CAR-GAN-65,4
2026-09-20,CAR-GAN-65,6
2026-09-21,CAR-GAN-65,7
2026-09-22,CAR-GAN-65,1
2026-09-23,CAR-GAN-65,6
2026-09-24,CAR-GAN-65,3
2026-09-25,CAR-GAN-65,5
2026-09-26,CAR-GAN-65,11
2026-09-27,CAR-GAN-65,8
2026-09-28,CAR-GAN-65,5
2026-09-01,AUD-TWS-PRO,7
2026-09-02,AUD-TWS-PRO,1
2026-09-03,AUD-TWS-PRO,2
2026-09-04,AUD-TWS-PRO,4
2026-09-05,AUD-TWS-PRO,1
2026-09-06,AUD-TWS-PRO,2
2026-09-07,AUD-TWS-PRO,2
2026-09-08,AUD-TWS-PRO,4
2026-09-09,AUD-TWS-PRO,2
2026-09-10,AUD-TWS-PRO,3
2026-09-11,AUD-TWS-PRO,1
2026-09-12,AUD-TWS-PRO,0
2026-09-13,AUD-TWS-PRO,2
2026-09-14,AUD-TWS-PRO,3
2026-09-15,AUD-TWS-PRO,2
2026-09-16,AUD-TWS-PRO,2
2026-09-17,AUD-TWS-PRO,5
2026-09-18,AUD-TWS-PRO,3
2026-09-19,AUD-TWS-PRO,3
2026-09-20,AUD-TWS-PRO,3
2026-09-21,AUD-TWS-PRO,1
2026-09-22,AUD-TWS-PRO,1
2026-09-23,AUD-TWS-PRO,1
2026-09-24,AUD-TWS-PRO,3
2026-09-25,AUD-TWS-PRO,4
2026-09-26,AUD-TWS-PRO,2
2026-09-27,AUD-TWS-PRO,4
2026-09-28,AUD-TWS-PRO,4
2026-09-01,CAB-USBC-1M,9
2026-09-02,CAB-USBC-1M,14
2026-09-03,CAB-USBC-1M,8
2026-09-04,CAB-USBC-1M,9
2026-09-05,CAB-USBC-1M,17
2026-09-06,CAB-USBC-1M,15
2026-09-07,CAB-USBC-1M,8
2026-09-08,CAB-USBC-1M,15
2026-09-09,CAB-USBC-1M,7
2026-09-10,CAB-USBC-1M,13
2026-09-11,CAB-USBC-1M,12
2026-09-12,CAB-USBC-1M,10
2026-09-13,CAB-USBC-1M,18
2026-09-14,CAB-USBC-1M,8
2026-09-15,CAB-USBC-1M,9
2026-09-16,CAB-USBC-1M,9
2026-09-17,CAB-USBC-1M,14
2026-09-18,CAB-USBC-1M,10
2026-09-19,CAB-USBC-1M,12
2026-09-20,CAB-USBC-1M,17
2026-09-21,CAB-USBC-1M,8
2026-09-22,CAB-USBC-1M,6
2026-09-23,CAB-USBC-1M,12
2026-09-24,CAB-USBC-1M,11
2026-09-25,CAB-USBC-1M,14
2026-09-26,CAB-USBC-1M,12
2026-09-27,CAB-USBC-1M,10
2026-09-28,CAB-USBC-1M,16
2026-09-01,POP-GRIP-BAS,0
2026-09-02,POP-GRIP-BAS,2
2026-09-03,POP-GRIP-BAS,2
2026-09-04,POP-GRIP-BAS,4
2026-09-05,POP-GRIP-BAS,3
2026-09-06,POP-GRIP-BAS,3
2026-09-07,POP-GRIP-BAS,2
2026-09-08,POP-GRIP-BAS,3
2026-09-09,POP-GRIP-BAS,3
2026-09-10,POP-GRIP-BAS,1
2026-09-11,POP-GRIP-BAS,3
2026-09-12,POP-GRIP-BAS,4
2026-09-13,POP-GRIP-BAS,0
2026-09-14,POP-GRIP-BAS,2
2026-09-15,POP-GRIP-BAS,1
2026-09-16,POP-GRIP-BAS,1
2026-09-17,POP-GRIP-BAS,1
2026-09-18,POP-GRIP-BAS,1
2026-09-19,POP-GRIP-BAS,2
2026-09-20,POP-GRIP-BAS,2
2026-09-21,POP-GRIP-BAS,3
2026-09-22,POP-GRIP-BAS,3
2026-09-23,POP-GRIP-BAS,2
2026-09-24,POP-GRIP-BAS,0
2026-09-25,POP-GRIP-BAS,2
2026-09-26,POP-GRIP-BAS,2
2026-09-27,POP-GRIP-BAS,2
2026-09-28,POP-GRIP-BAS,2
2026-09-01,AUD-GAMER-X,1
2026-09-02,AUD-GAMER-X,0
2026-09-03,AUD-GAMER-X,0
2026-09-04,AUD-GAMER-X,0
2026-09-05,AUD-GAMER-X,0
2026-09-06,AUD-GAMER-X,0
2026-09-07,AUD-GAMER-X,1
2026-09-08,AUD-GAMER-X,1
2026-09-09,AUD-GAMER-X,3
2026-09-10,AUD-GAMER-X,0
2026-09-11,AUD-GAMER-X,1
2026-09-12,AUD-GAMER-X,1
2026-09-13,AUD-GAMER-X,1
2026-09-14,AUD-GAMER-X,0
2026-09-15,AUD-GAMER-X,0
2026-09-16,AUD-GAMER-X,0
2026-09-17,AUD-GAMER-X,4
2026-09-18,AUD-GAMER-X,2
2026-09-19,AUD-GAMER-X,0
2026-09-20,AUD-GAMER-X,2
2026-09-21,AUD-GAMER-X,1
2026-09-22,AUD-GAMER-X,1
2026-09-23,AUD-GAMER-X,2
2026-09-24,AUD-GAMER-X,34
2026-09-25,AUD-GAMER-X,0
2026-09-26,AUD-GAMER-X,2
2026-09-27,AUD-GAMER-X,0
2026-09-28,AUD-GAMER-X,0
2026-09-01,PROT-S24-VID,4
2026-09-02,PROT-S24-VID,5
2026-09-03,PROT-S24-VID,4
2026-09-04,PROT-S24-VID,2
2026-09-05,PROT-S24-VID,6
2026-09-06,PROT-S24-VID,4
2026-09-07,PROT-S24-VID,7
2026-09-08,PROT-S24-VID,3
2026-09-09,PROT-S24-VID,3
2026-09-10,PROT-S24-VID,1
2026-09-11,PROT-S24-VID,4
2026-09-12,PROT-S24-VID,8
2026-09-13,PROT-S24-VID,4
2026-09-14,PROT-S24-VID,4
2026-09-15,PROT-S24-VID,4
2026-09-16,PROT-S24-VID,6
2026-09-17,PROT-S24-VID,2
2026-09-18,PROT-S24-VID,4
2026-09-19,PROT-S24-VID,7
2026-09-20,PROT-S24-VID,8
2026-09-21,PROT-S24-VID,6
2026-09-22,PROT-S24-VID,6
2026-09-23,PROT-S24-VID,2
2026-09-24,PROT-S24-VID,5
2026-09-25,PROT-S24-VID,4
2026-09-26,PROT-S24-VID,5
2026-09-27,PROT-S24-VID,2
2026-09-28,PROT-S24-VID,3
2026-09-01,POW-10K-SLIM,4
2026-09-02,POW-10K-SLIM,1
2026-09-03,POW-10K-SLIM,3
2026-09-04,POW-10K-SLIM,4
2026-09-05,POW-10K-SLIM,2
2026-09-06,POW-10K-SLIM,2
2026-09-07,POW-10K-SLIM,1
2026-09-08,POW-10K-SLIM,0
2026-09-09,POW-10K-SLIM,3
2026-09-10,POW-10K-SLIM,4
2026-09-11,POW-10K-SLIM,1
2026-09-12,POW-10K-SLIM,7
2026-09-13,POW-10K-SLIM,4
2026-09-14,POW-10K-SLIM,3
2026-09-15,POW-10K-SLIM,3
2026-09-16,POW-10K-SLIM,2
2026-09-17,POW-10K-SLIM,1
2026-09-18,POW-10K-SLIM,2
2026-09-19,POW-10K-SLIM,3
2026-09-20,POW-10K-SLIM,5
2026-09-21,POW-10K-SLIM,2
2026-09-22,POW-10K-SLIM,2
2026-09-23,POW-10K-SLIM,4
2026-09-24,POW-10K-SLIM,1
2026-09-25,POW-10K-SLIM,4
2026-09-26,POW-10K-SLIM,5
2026-09-27,POW-10K-SLIM,3
2026-09-28,POW-10K-SLIM,1
2026-09-01,CAB-LIGHT-2M,1
2026-09-02,CAB-LIGHT-2M,0
2026-09-03,CAB-LIGHT-2M,5
2026-09-04,CAB-LIGHT-2M,0
2026-09-05,CAB-LIGHT-2M,2
2026-09-06,CAB-LIGHT-2M,5
2026-09-07,CAB-LIGHT-2M,0
2026-09-08,CAB-LIGHT-2M,0
2026-09-09,CAB-LIGHT-2M,1
2026-09-10,CAB-LIGHT-2M,5
2026-09-11,CAB-LIGHT-2M,3
2026-09-12,CAB-LIGHT-2M,1
2026-09-13,CAB-LIGHT-2M,6
2026-09-14,CAB-LIGHT-2M,3
2026-09-15,CAB-LIGHT-2M,1
2026-09-16,CAB-LIGHT-2M,3
2026-09-17,CAB-LIGHT-2M,0
2026-09-18,CAB-LIGHT-2M,0
2026-09-19,CAB-LIGHT-2M,1
2026-09-20,CAB-LIGHT-2M,1
2026-09-21,CAB-LIGHT-2M,0
2026-09-22,CAB-LIGHT-2M,1
2026-09-23,CAB-LIGHT-2M,1
2026-09-24,CAB-LIGHT-2M,0
2026-09-25,CAB-LIGHT-2M,4
2026-09-26,CAB-LIGHT-2M,1
2026-09-27,CAB-LIGHT-2M,1
2026-09-28,CAB-LIGHT-2M,1
2026-09-01,SOP-AUTO-MAG,4
2026-09-02,SOP-AUTO-MAG,3
2026-09-03,SOP-AUTO-MAG,2
2026-09-04,SOP-AUTO-MAG,5
2026-09-05,SOP-AUTO-MAG,6
2026-09-06,SOP-AUTO-MAG,6
2026-09-07,SOP-AUTO-MAG,5
2026-09-08,SOP-AUTO-MAG,6
2026-09-09,SOP-AUTO-MAG,2
2026-09-10,SOP-AUTO-MAG,2
2026-09-11,SOP-AUTO-MAG,4
2026-09-12,SOP-AUTO-MAG,6
2026-09-13,SOP-AUTO-MAG,6
2026-09-14,SOP-AUTO-MAG,3
2026-09-15,SOP-AUTO-MAG,3
2026-09-16,SOP-AUTO-MAG,4
2026-09-17,SOP-AUTO-MAG,5
2026-09-18,SOP-AUTO-MAG,4
2026-09-19,SOP-AUTO-MAG,0
2026-09-20,SOP-AUTO-MAG,7
2026-09-21,SOP-AUTO-MAG,5
2026-09-22,SOP-AUTO-MAG,7
2026-09-23,SOP-AUTO-MAG,0
2026-09-24,SOP-AUTO-MAG,0
2026-09-25,SOP-AUTO-MAG,0
2026-09-26,SOP-AUTO-MAG,0
2026-09-27,SOP-AUTO-MAG,0
2026-09-28,SOP-AUTO-MAG,0
2026-09-01,MIC-LAV-USBC,2
2026-09-02,MIC-LAV-USBC,2
2026-09-03,MIC-LAV-USBC,1
2026-09-04,MIC-LAV-USBC,1
2026-09-05,MIC-LAV-USBC,3
2026-09-06,MIC-LAV-USBC,3
2026-09-07,MIC-LAV-USBC,6
2026-09-08,MIC-LAV-USBC,3
2026-09-09,MIC-LAV-USBC,0
2026-09-10,MIC-LAV-USBC,0
2026-09-11,MIC-LAV-USBC,1
2026-09-12,MIC-LAV-USBC,6
2026-09-13,MIC-LAV-USBC,5
2026-09-14,MIC-LAV-USBC,2
2026-09-15,MIC-LAV-USBC,4
2026-09-16,MIC-LAV-USBC,1
2026-09-17,MIC-LAV-USBC,2
2026-09-18,MIC-LAV-USBC,1
2026-09-19,MIC-LAV-USBC,4
2026-09-20,MIC-LAV-USBC,2
2026-09-21,MIC-LAV-USBC,2
2026-09-22,MIC-LAV-USBC,0
2026-09-23,MIC-LAV-USBC,0
2026-09-24,MIC-LAV-USBC,0
2026-09-25,MIC-LAV-USBC,0
2026-09-26,MIC-LAV-USBC,0
2026-09-27,MIC-LAV-USBC,0
2026-09-28,MIC-LAV-USBC,0
2026-09-01,FUN-S24U-PREM,0
2026-09-02,FUN-S24U-PREM,1
2026-09-03,FUN-S24U-PREM,0
2026-09-04,FUN-S24U-PREM,0
2026-09-05,FUN-S24U-PREM,4
2026-09-06,FUN-S24U-PREM,1
2026-09-07,FUN-S24U-PREM,1
2026-09-08,FUN-S24U-PREM,2
2026-09-09,FUN-S24U-PREM,0
2026-09-10,FUN-S24U-PREM,0
2026-09-11,FUN-S24U-PREM,2
2026-09-12,FUN-S24U-PREM,2
2026-09-13,FUN-S24U-PREM,2
2026-09-14,FUN-S24U-PREM,0
2026-09-15,FUN-S24U-PREM,0
2026-09-16,FUN-S24U-PREM,1
2026-09-17,FUN-S24U-PREM,0
2026-09-18,FUN-S24U-PREM,1
2026-09-19,FUN-S24U-PREM,1
2026-09-20,FUN-S24U-PREM,0
2026-09-21,FUN-S24U-PREM,2
2026-09-22,FUN-S24U-PREM,1
2026-09-23,FUN-S24U-PREM,3
2026-09-24,FUN-S24U-PREM,3
2026-09-25,FUN-S24U-PREM,1
2026-09-26,FUN-S24U-PREM,0
2026-09-27,FUN-S24U-PREM,4
2026-09-28,FUN-S24U-PREM,2
